[
  {
    "description": "    I want to validate Banking Scenarios",
    "keyword": "Feature",
    "name": "Bank Manager Login",
    "line": 1,
    "id": "bank-manager-login",
    "tags": [],
    "uri": "Banking.feature",
    "elements": [
      {
        "id": "bank-manager-login;login-as-bank-manager",
        "keyword": "Scenario",
        "line": 9,
        "name": "Login as Bank Manager",
        "tags": [
          {
            "name": "@smoke",
            "line": 8
          }
        ],
        "type": "scenario",
        "steps": [
          {
            "arguments": [],
            "keyword": "Given ",
            "line": 6,
            "name": "I navigate to the website",
            "result": {
              "status": "passed",
              "duration": 1951000000
            }
          },
          {
            "arguments": [],
            "keyword": "When ",
            "line": 10,
            "name": "I click on Bank Manager Login Button",
            "result": {
              "status": "passed",
              "duration": 152000000
            }
          },
          {
            "arguments": [],
            "keyword": "And ",
            "line": 11,
            "name": "validate the page title",
            "result": {
              "status": "passed",
              "duration": 16000000
            }
          }
        ]
      },
      {
        "id": "bank-manager-login;add-a-customer",
        "keyword": "Scenario",
        "line": 14,
        "name": "Add a Customer",
        "tags": [
          {
            "name": "@smoke",
            "line": 13
          }
        ],
        "type": "scenario",
        "steps": [
          {
            "arguments": [],
            "keyword": "Given ",
            "line": 6,
            "name": "I navigate to the website",
            "result": {
              "status": "passed",
              "duration": 199000000
            }
          },
          {
            "arguments": [],
            "keyword": "When ",
            "line": 15,
            "name": "I click on Bank Manager Login Button",
            "result": {
              "status": "passed",
              "duration": 120000000
            }
          },
          {
            "arguments": [],
            "keyword": "And ",
            "line": 16,
            "name": "validate the page title",
            "result": {
              "status": "passed",
              "duration": 4000000
            }
          },
          {
            "arguments": [],
            "keyword": "And ",
            "line": 17,
            "name": "I click on Add Customer Button",
            "result": {
              "status": "passed",
              "duration": 99000000
            }
          },
          {
            "arguments": [
              {
                "rows": [
                  {
                    "cells": [
                      "firstname",
                      "lastname",
                      "postcode"
                    ]
                  },
                  {
                    "cells": [
                      "Rahul",
                      "Arora",
                      "110095"
                    ]
                  }
                ]
              }
            ],
            "keyword": "And ",
            "line": 18,
            "name": "I entered",
            "result": {
              "status": "passed",
              "duration": 851000000
            }
          },
          {
            "arguments": [],
            "keyword": "And ",
            "line": 21,
            "name": "I click on submit button",
            "result": {
              "status": "passed",
              "duration": 4000000
            }
          },
          {
            "arguments": [],
            "keyword": "And ",
            "line": 22,
            "name": "I validate the alert text",
            "result": {
              "status": "passed",
              "duration": 4000000
            }
          }
        ]
      },
      {
        "id": "bank-manager-login;opening-account",
        "keyword": "Scenario",
        "line": 26,
        "name": "Opening Account",
        "tags": [
          {
            "name": "@bvt",
            "line": 25
          }
        ],
        "type": "scenario",
        "steps": [
          {
            "arguments": [],
            "keyword": "Given ",
            "line": 6,
            "name": "I navigate to the website",
            "result": {
              "status": "passed",
              "duration": 148000000
            }
          },
          {
            "arguments": [],
            "keyword": "When ",
            "line": 27,
            "name": "I click on Bank Manager Login Button",
            "result": {
              "status": "passed",
              "duration": 113000000
            }
          },
          {
            "arguments": [],
            "keyword": "And ",
            "line": 28,
            "name": "validate the page title",
            "result": {
              "status": "passed",
              "duration": 5000000
            }
          }
        ]
      }
    ]
  }
]