{
  "stats": {
    "suites": 1,
    "tests": 3,
    "passes": 3,
    "pending": 0,
    "failures": 0,
    "start": "2021-07-15T18:25:53.701Z",
    "end": "2021-07-15T18:25:58.356Z",
    "duration": 4655,
    "testsRegistered": 3,
    "passPercent": 100,
    "pendingPercent": 0,
    "other": 0,
    "hasOther": false,
    "skipped": 0,
    "hasSkipped": false
  },
  "results": [
    {
      "uuid": "7ed3e690-9875-40a6-a83d-485b0909d9bc",
      "title": "",
      "fullFile": "cypress/integration/Banking.feature",
      "file": "cypress/integration/Banking.feature",
      "beforeHooks": [],
      "afterHooks": [],
      "tests": [],
      "suites": [
        {
          "uuid": "53a7d5c7-c135-4a19-81ca-7c94a0a589ec",
          "title": "Bank Manager Login",
          "fullFile": "",
          "file": "",
          "beforeHooks": [],
          "afterHooks": [],
          "tests": [
            {
              "title": "Login as Bank Manager",
              "fullTitle": "Bank Manager Login Login as Bank Manager",
              "timedOut": null,
              "duration": 3097,
              "state": "passed",
              "speed": "slow",
              "pass": true,
              "fail": false,
              "pending": false,
              "context": null,
              "code": "const state = window.testState;\nreturn cy\n  .then(() => state.onStartScenario(scenario, indexedSteps))\n  .then(() =>\n    resolveAndRunBeforeHooks.call(this, scenario.tags, state.feature.name)\n  )\n  .then(() =>\n    indexedSteps.forEach((step) =>\n      stepTest.call(this, state, step, rowData)\n    )\n  )\n  .then(() => state.onFinishScenario(scenario));",
              "err": {},
              "uuid": "ca157585-8a2a-497b-bc27-1ec766b98e0c",
              "parentUUID": "53a7d5c7-c135-4a19-81ca-7c94a0a589ec",
              "isHook": false,
              "skipped": false
            },
            {
              "title": "Add a Customer",
              "fullTitle": "Bank Manager Login Add a Customer",
              "timedOut": null,
              "duration": 1216,
              "state": "passed",
              "speed": "slow",
              "pass": true,
              "fail": false,
              "pending": false,
              "context": null,
              "code": "const state = window.testState;\nreturn cy\n  .then(() => state.onStartScenario(scenario, indexedSteps))\n  .then(() =>\n    resolveAndRunBeforeHooks.call(this, scenario.tags, state.feature.name)\n  )\n  .then(() =>\n    indexedSteps.forEach((step) =>\n      stepTest.call(this, state, step, rowData)\n    )\n  )\n  .then(() => state.onFinishScenario(scenario));",
              "err": {},
              "uuid": "3fac814d-07b7-4526-9551-474afda6c6cb",
              "parentUUID": "53a7d5c7-c135-4a19-81ca-7c94a0a589ec",
              "isHook": false,
              "skipped": false
            },
            {
              "title": "Opening Account",
              "fullTitle": "Bank Manager Login Opening Account",
              "timedOut": null,
              "duration": 252,
              "state": "passed",
              "speed": "slow",
              "pass": true,
              "fail": false,
              "pending": false,
              "context": null,
              "code": "const state = window.testState;\nreturn cy\n  .then(() => state.onStartScenario(scenario, indexedSteps))\n  .then(() =>\n    resolveAndRunBeforeHooks.call(this, scenario.tags, state.feature.name)\n  )\n  .then(() =>\n    indexedSteps.forEach((step) =>\n      stepTest.call(this, state, step, rowData)\n    )\n  )\n  .then(() => state.onFinishScenario(scenario));",
              "err": {},
              "uuid": "0fba8f44-7511-455b-a5a6-c128d49af62e",
              "parentUUID": "53a7d5c7-c135-4a19-81ca-7c94a0a589ec",
              "isHook": false,
              "skipped": false
            }
          ],
          "suites": [],
          "passes": [
            "ca157585-8a2a-497b-bc27-1ec766b98e0c",
            "3fac814d-07b7-4526-9551-474afda6c6cb",
            "0fba8f44-7511-455b-a5a6-c128d49af62e"
          ],
          "failures": [],
          "pending": [],
          "skipped": [],
          "duration": 4565,
          "root": false,
          "rootEmpty": false,
          "_timeout": 2000
        }
      ],
      "passes": [],
      "failures": [],
      "pending": [],
      "skipped": [],
      "duration": 0,
      "root": true,
      "rootEmpty": true,
      "_timeout": 2000
    }
  ],
  "meta": {
    "mocha": {
      "version": "7.0.1"
    },
    "mochawesome": {
      "options": {
        "quiet": false,
        "reportFilename": "testresults",
        "saveHtml": true,
        "saveJson": true,
        "consoleReporter": "spec",
        "useInlineDiffs": false,
        "code": true
      },
      "version": "6.2.2"
    },
    "marge": {
      "options": {
        "reportDir": "cypress/reports",
        "reportFilename": "testresults",
        "overwrite": false,
        "html": true,
        "json": true,
        "charts": true
      },
      "version": "5.2.0"
    }
  }
}