{
  "stats": {
    "suites": 1,
    "tests": 3,
    "passes": 2,
    "pending": 1,
    "failures": 0,
    "start": "2021-07-15T17:04:54.675Z",
    "end": "2021-07-15T17:04:57.790Z",
    "duration": 3115,
    "testsRegistered": 3,
    "passPercent": 100,
    "pendingPercent": 33.33333333333333,
    "other": 0,
    "hasOther": false,
    "skipped": 0,
    "hasSkipped": false
  },
  "results": [
    {
      "uuid": "78766547-b069-4e9e-875b-0209b99e2add",
      "title": "",
      "fullFile": "cypress/integration/Banking.feature",
      "file": "cypress/integration/Banking.feature",
      "beforeHooks": [],
      "afterHooks": [],
      "tests": [],
      "suites": [
        {
          "uuid": "fe77d1d4-9b24-4b56-b9e3-162f5caecaee",
          "title": "Bank Manager Login",
          "fullFile": "",
          "file": "",
          "beforeHooks": [],
          "afterHooks": [],
          "tests": [
            {
              "title": "Login as Bank Manager",
              "fullTitle": "Bank Manager Login Login as Bank Manager",
              "timedOut": null,
              "duration": 1823,
              "state": "passed",
              "speed": "slow",
              "pass": true,
              "fail": false,
              "pending": false,
              "context": null,
              "code": "const state = window.testState;\nreturn cy\n  .then(() => state.onStartScenario(scenario, indexedSteps))\n  .then(() =>\n    resolveAndRunBeforeHooks.call(this, scenario.tags, state.feature.name)\n  )\n  .then(() =>\n    indexedSteps.forEach((step) =>\n      stepTest.call(this, state, step, rowData)\n    )\n  )\n  .then(() => state.onFinishScenario(scenario));",
              "err": {},
              "uuid": "c5511838-95f3-4735-a591-308175b4f6fc",
              "parentUUID": "fe77d1d4-9b24-4b56-b9e3-162f5caecaee",
              "isHook": false,
              "skipped": false
            },
            {
              "title": "Add a Customer",
              "fullTitle": "Bank Manager Login Add a Customer",
              "timedOut": null,
              "duration": 1191,
              "state": "passed",
              "speed": "slow",
              "pass": true,
              "fail": false,
              "pending": false,
              "context": null,
              "code": "const state = window.testState;\nreturn cy\n  .then(() => state.onStartScenario(scenario, indexedSteps))\n  .then(() =>\n    resolveAndRunBeforeHooks.call(this, scenario.tags, state.feature.name)\n  )\n  .then(() =>\n    indexedSteps.forEach((step) =>\n      stepTest.call(this, state, step, rowData)\n    )\n  )\n  .then(() => state.onFinishScenario(scenario));",
              "err": {},
              "uuid": "9ad6f9ee-c503-437a-936d-4bb7cd05a436",
              "parentUUID": "fe77d1d4-9b24-4b56-b9e3-162f5caecaee",
              "isHook": false,
              "skipped": false
            },
            {
              "title": "Opening Account",
              "fullTitle": "Bank Manager Login Opening Account",
              "timedOut": null,
              "duration": 16,
              "state": "pending",
              "speed": null,
              "pass": false,
              "fail": false,
              "pending": false,
              "context": null,
              "code": "// register this scenario with the cucumber data collector\n// but don't run it\n// Tell mocha this is a skipped test so it also shows correctly in Cypress\nconst state = window.testState;\ncy.then(() => state.onStartScenario(scenario, indexedSteps))\n  .then(() => state.onFinishScenario(scenario))\n  // eslint-disable-next-line func-names\n  .then(function () {\n    return this.skip();\n  });",
              "err": {
                "message": "CypressError: sync skip; aborting execution",
                "estack": "[object Object]\nFrom Your Spec Code:\n    at Context.eval (http://www.way2automation.com/__cypress/tests?p=cypress\\integration\\Banking.feature:11942:10)",
                "diff": null
              },
              "uuid": "c0c27854-5687-4d1f-b195-e9589f50421d",
              "parentUUID": "fe77d1d4-9b24-4b56-b9e3-162f5caecaee",
              "isHook": false,
              "skipped": true
            }
          ],
          "suites": [],
          "passes": [
            "c5511838-95f3-4735-a591-308175b4f6fc",
            "9ad6f9ee-c503-437a-936d-4bb7cd05a436"
          ],
          "failures": [],
          "pending": [],
          "skipped": [
            "c0c27854-5687-4d1f-b195-e9589f50421d"
          ],
          "duration": 3030,
          "root": false,
          "rootEmpty": false,
          "_timeout": 2000
        }
      ],
      "passes": [],
      "failures": [],
      "pending": [],
      "skipped": [],
      "duration": 0,
      "root": true,
      "rootEmpty": true,
      "_timeout": 2000
    }
  ],
  "meta": {
    "mocha": {
      "version": "7.0.1"
    },
    "mochawesome": {
      "options": {
        "quiet": false,
        "reportFilename": "testresults",
        "saveHtml": true,
        "saveJson": true,
        "consoleReporter": "spec",
        "useInlineDiffs": false,
        "code": true
      },
      "version": "6.2.2"
    },
    "marge": {
      "options": {
        "reportDir": "cypress/reports",
        "reportFilename": "testresults",
        "overwrite": false,
        "html": true,
        "json": true,
        "charts": true
      },
      "version": "5.2.0"
    }
  }
}