{
  "stats": {
    "suites": 1,
    "tests": 1,
    "passes": 1,
    "pending": 0,
    "failures": 0,
    "start": "2020-09-30T12:05:37.307Z",
    "end": "2020-09-30T12:05:47.272Z",
    "duration": 9965,
    "testsRegistered": 1,
    "passPercent": 100,
    "pendingPercent": 0,
    "other": 0,
    "hasOther": false,
    "skipped": 0,
    "hasSkipped": false
  },
  "results": [
    {
      "uuid": "db0dd286-e565-46ec-943d-f6b99244da72",
      "title": "",
      "fullFile": "cypress\\integration\\BankManagerLogin.feature",
      "file": "cypress\\integration\\BankManagerLogin.feature",
      "beforeHooks": [],
      "afterHooks": [],
      "tests": [],
      "suites": [
        {
          "uuid": "3472f301-348e-4cb1-b047-c567e6f029e9",
          "title": "Bank Manager Login",
          "fullFile": "",
          "file": "",
          "beforeHooks": [],
          "afterHooks": [],
          "tests": [
            {
              "title": "Login as Bank Manager",
              "fullTitle": "Bank Manager Login Login as Bank Manager",
              "timedOut": null,
              "duration": 9926,
              "state": "passed",
              "speed": "slow",
              "pass": true,
              "fail": false,
              "pending": false,
              "context": null,
              "code": "const state = window.testState;\nreturn cy\n  .then(() => state.onStartScenario(scenario, indexedSteps))\n  .then(() =>\n    resolveAndRunBeforeHooks.call(this, scenario.tags, state.feature.name)\n  )\n  .then(() =>\n    indexedSteps.forEach((step) =>\n      stepTest.call(this, state, step, rowData)\n    )\n  )\n  .then(() =>\n    resolveAndRunAfterHooks.call(this, scenario.tags, state.feature.name)\n  )\n  .then(() => state.onFinishScenario(scenario));",
              "err": {},
              "uuid": "be33e72d-a258-4785-be0f-1af49c48346d",
              "parentUUID": "3472f301-348e-4cb1-b047-c567e6f029e9",
              "isHook": false,
              "skipped": false
            }
          ],
          "suites": [],
          "passes": [
            "be33e72d-a258-4785-be0f-1af49c48346d"
          ],
          "failures": [],
          "pending": [],
          "skipped": [],
          "duration": 9926,
          "root": false,
          "rootEmpty": false,
          "_timeout": 2000
        }
      ],
      "passes": [],
      "failures": [],
      "pending": [],
      "skipped": [],
      "duration": 0,
      "root": true,
      "rootEmpty": true,
      "_timeout": 2000
    }
  ],
  "meta": {
    "mocha": {
      "version": "7.0.1"
    },
    "mochawesome": {
      "options": {
        "quiet": false,
        "reportFilename": "testresults",
        "saveHtml": true,
        "saveJson": true,
        "consoleReporter": "spec",
        "useInlineDiffs": false,
        "code": true
      },
      "version": "6.1.1"
    },
    "marge": {
      "options": {
        "reportDir": "cypress/reports",
        "reportFilename": "testresults",
        "overwrite": false,
        "html": true,
        "json": true,
        "charts": true
      },
      "version": "5.1.0"
    }
  }
}