{
  "stats": {
    "suites": 1,
    "tests": 1,
    "passes": 0,
    "pending": 0,
    "failures": 1,
    "start": "2020-12-10T09:24:32.197Z",
    "end": "2020-12-10T09:24:34.847Z",
    "duration": 2650,
    "testsRegistered": 1,
    "passPercent": 0,
    "pendingPercent": 0,
    "other": 0,
    "hasOther": false,
    "skipped": 0,
    "hasSkipped": false
  },
  "results": [
    {
      "uuid": "4332cf24-333b-4233-8a8b-5207410507fa",
      "title": "",
      "fullFile": "cypress\\integration\\BankManagerLogin.feature",
      "file": "cypress\\integration\\BankManagerLogin.feature",
      "beforeHooks": [],
      "afterHooks": [],
      "tests": [],
      "suites": [
        {
          "uuid": "9e1b5908-9fe3-41b7-a5ec-7af45066e266",
          "title": "Bank Manager Login",
          "fullFile": "",
          "file": "",
          "beforeHooks": [],
          "afterHooks": [],
          "tests": [
            {
              "title": "Login as Bank Manager",
              "fullTitle": "Bank Manager Login Login as Bank Manager",
              "timedOut": null,
              "duration": 2596,
              "state": "failed",
              "speed": null,
              "pass": false,
              "fail": true,
              "pending": false,
              "context": null,
              "code": "const state = window.testState;\nreturn cy\n  .then(() => state.onStartScenario(scenario, indexedSteps))\n  .then(() =>\n    resolveAndRunBeforeHooks.call(this, scenario.tags, state.feature.name)\n  )\n  .then(() =>\n    indexedSteps.forEach((step) =>\n      stepTest.call(this, state, step, rowData)\n    )\n  )\n  .then(() =>\n    resolveAndRunAfterHooks.call(this, scenario.tags, state.feature.name)\n  )\n  .then(() => state.onFinishScenario(scenario));",
              "err": {
                "message": "Error: Step implementation missing for: validate the page title",
                "estack": "Error: Step implementation missing for: validate the page title\n    at Context.resolveAndRunStepDefinition (http://www.way2automation.com/__cypress/tests?p=cypress\\integration\\BankManagerLogin.feature:12251:11)\n    at Context.eval (http://www.way2automation.com/__cypress/tests?p=cypress\\integration\\BankManagerLogin.feature:11589:35)",
                "diff": null
              },
              "uuid": "6e541688-7035-43d0-ab87-2aba6abaecc2",
              "parentUUID": "9e1b5908-9fe3-41b7-a5ec-7af45066e266",
              "isHook": false,
              "skipped": false
            }
          ],
          "suites": [],
          "passes": [],
          "failures": [
            "6e541688-7035-43d0-ab87-2aba6abaecc2"
          ],
          "pending": [],
          "skipped": [],
          "duration": 2596,
          "root": false,
          "rootEmpty": false,
          "_timeout": 2000
        }
      ],
      "passes": [],
      "failures": [],
      "pending": [],
      "skipped": [],
      "duration": 0,
      "root": true,
      "rootEmpty": true,
      "_timeout": 2000
    }
  ],
  "meta": {
    "mocha": {
      "version": "7.0.1"
    },
    "mochawesome": {
      "options": {
        "quiet": false,
        "reportFilename": "testresults",
        "saveHtml": true,
        "saveJson": true,
        "consoleReporter": "spec",
        "useInlineDiffs": false,
        "code": true
      },
      "version": "6.1.1"
    },
    "marge": {
      "options": {
        "reportDir": "cypress/reports",
        "reportFilename": "testresults",
        "overwrite": false,
        "html": true,
        "json": true,
        "charts": true
      },
      "version": "5.1.0"
    }
  }
}