{
  "stats": {
    "suites": 1,
    "tests": 3,
    "passes": 3,
    "pending": 0,
    "failures": 0,
    "start": "2021-07-15T17:01:15.733Z",
    "end": "2021-07-15T17:01:19.042Z",
    "duration": 3309,
    "testsRegistered": 3,
    "passPercent": 100,
    "pendingPercent": 0,
    "other": 0,
    "hasOther": false,
    "skipped": 0,
    "hasSkipped": false
  },
  "results": [
    {
      "uuid": "2e2197ba-bb02-423f-ae42-f55634293df0",
      "title": "",
      "fullFile": "cypress/integration/Banking.feature",
      "file": "cypress/integration/Banking.feature",
      "beforeHooks": [],
      "afterHooks": [],
      "tests": [],
      "suites": [
        {
          "uuid": "c9af010c-3a0e-4a9e-ab70-1f5232bfb605",
          "title": "Bank Manager Login",
          "fullFile": "",
          "file": "",
          "beforeHooks": [],
          "afterHooks": [],
          "tests": [
            {
              "title": "Login as Bank Manager",
              "fullTitle": "Bank Manager Login Login as Bank Manager",
              "timedOut": null,
              "duration": 1808,
              "state": "passed",
              "speed": "slow",
              "pass": true,
              "fail": false,
              "pending": false,
              "context": null,
              "code": "const state = window.testState;\nreturn cy\n  .then(() => state.onStartScenario(scenario, indexedSteps))\n  .then(() =>\n    resolveAndRunBeforeHooks.call(this, scenario.tags, state.feature.name)\n  )\n  .then(() =>\n    indexedSteps.forEach((step) =>\n      stepTest.call(this, state, step, rowData)\n    )\n  )\n  .then(() => state.onFinishScenario(scenario));",
              "err": {},
              "uuid": "1f2c4111-10e0-4b5d-8550-dec0ec2e514a",
              "parentUUID": "c9af010c-3a0e-4a9e-ab70-1f5232bfb605",
              "isHook": false,
              "skipped": false
            },
            {
              "title": "Add a Customer",
              "fullTitle": "Bank Manager Login Add a Customer",
              "timedOut": null,
              "duration": 1199,
              "state": "passed",
              "speed": "slow",
              "pass": true,
              "fail": false,
              "pending": false,
              "context": null,
              "code": "const state = window.testState;\nreturn cy\n  .then(() => state.onStartScenario(scenario, indexedSteps))\n  .then(() =>\n    resolveAndRunBeforeHooks.call(this, scenario.tags, state.feature.name)\n  )\n  .then(() =>\n    indexedSteps.forEach((step) =>\n      stepTest.call(this, state, step, rowData)\n    )\n  )\n  .then(() => state.onFinishScenario(scenario));",
              "err": {},
              "uuid": "064d2c58-e8ea-4f75-b56d-8ce6efe77e30",
              "parentUUID": "c9af010c-3a0e-4a9e-ab70-1f5232bfb605",
              "isHook": false,
              "skipped": false
            },
            {
              "title": "Opening Account",
              "fullTitle": "Bank Manager Login Opening Account",
              "timedOut": null,
              "duration": 225,
              "state": "passed",
              "speed": "slow",
              "pass": true,
              "fail": false,
              "pending": false,
              "context": null,
              "code": "const state = window.testState;\nreturn cy\n  .then(() => state.onStartScenario(scenario, indexedSteps))\n  .then(() =>\n    resolveAndRunBeforeHooks.call(this, scenario.tags, state.feature.name)\n  )\n  .then(() =>\n    indexedSteps.forEach((step) =>\n      stepTest.call(this, state, step, rowData)\n    )\n  )\n  .then(() => state.onFinishScenario(scenario));",
              "err": {},
              "uuid": "b9c1f101-f950-4846-8bec-3b55501f7ba8",
              "parentUUID": "c9af010c-3a0e-4a9e-ab70-1f5232bfb605",
              "isHook": false,
              "skipped": false
            }
          ],
          "suites": [],
          "passes": [
            "1f2c4111-10e0-4b5d-8550-dec0ec2e514a",
            "064d2c58-e8ea-4f75-b56d-8ce6efe77e30",
            "b9c1f101-f950-4846-8bec-3b55501f7ba8"
          ],
          "failures": [],
          "pending": [],
          "skipped": [],
          "duration": 3232,
          "root": false,
          "rootEmpty": false,
          "_timeout": 2000
        }
      ],
      "passes": [],
      "failures": [],
      "pending": [],
      "skipped": [],
      "duration": 0,
      "root": true,
      "rootEmpty": true,
      "_timeout": 2000
    }
  ],
  "meta": {
    "mocha": {
      "version": "7.0.1"
    },
    "mochawesome": {
      "options": {
        "quiet": false,
        "reportFilename": "testresults",
        "saveHtml": true,
        "saveJson": true,
        "consoleReporter": "spec",
        "useInlineDiffs": false,
        "code": true
      },
      "version": "6.2.2"
    },
    "marge": {
      "options": {
        "reportDir": "cypress/reports",
        "reportFilename": "testresults",
        "overwrite": false,
        "html": true,
        "json": true,
        "charts": true
      },
      "version": "5.2.0"
    }
  }
}