{
  "stats": {
    "suites": 1,
    "tests": 3,
    "passes": 2,
    "pending": 1,
    "failures": 0,
    "start": "2020-10-01T10:05:27.010Z",
    "end": "2020-10-01T10:05:38.165Z",
    "duration": 11155,
    "testsRegistered": 3,
    "passPercent": 100,
    "pendingPercent": 33.33333333333333,
    "other": 0,
    "hasOther": false,
    "skipped": 0,
    "hasSkipped": false
  },
  "results": [
    {
      "uuid": "1fc92ba9-d860-4369-9cdf-f3f8552c51a1",
      "title": "",
      "fullFile": "cypress\\integration\\Banking.feature",
      "file": "cypress\\integration\\Banking.feature",
      "beforeHooks": [],
      "afterHooks": [],
      "tests": [],
      "suites": [
        {
          "uuid": "836757f2-08ff-4885-83ac-4cade4e8a2ae",
          "title": "Banking Feature",
          "fullFile": "",
          "file": "",
          "beforeHooks": [],
          "afterHooks": [],
          "tests": [
            {
              "title": "Login as Bank Manager",
              "fullTitle": "Banking Feature Login as Bank Manager",
              "timedOut": null,
              "duration": 7835,
              "state": "passed",
              "speed": "slow",
              "pass": true,
              "fail": false,
              "pending": false,
              "context": null,
              "code": "const state = window.testState;\nreturn cy\n  .then(() => state.onStartScenario(scenario, indexedSteps))\n  .then(() =>\n    resolveAndRunBeforeHooks.call(this, scenario.tags, state.feature.name)\n  )\n  .then(() =>\n    indexedSteps.forEach((step) =>\n      stepTest.call(this, state, step, rowData)\n    )\n  )\n  .then(() =>\n    resolveAndRunAfterHooks.call(this, scenario.tags, state.feature.name)\n  )\n  .then(() => state.onFinishScenario(scenario));",
              "err": {},
              "uuid": "518da535-d523-438c-9dbc-8d3797ef457a",
              "parentUUID": "836757f2-08ff-4885-83ac-4cade4e8a2ae",
              "isHook": false,
              "skipped": false
            },
            {
              "title": "Add a Customer",
              "fullTitle": "Banking Feature Add a Customer",
              "timedOut": null,
              "duration": 3252,
              "state": "passed",
              "speed": "slow",
              "pass": true,
              "fail": false,
              "pending": false,
              "context": null,
              "code": "const state = window.testState;\nreturn cy\n  .then(() => state.onStartScenario(scenario, indexedSteps))\n  .then(() =>\n    resolveAndRunBeforeHooks.call(this, scenario.tags, state.feature.name)\n  )\n  .then(() =>\n    indexedSteps.forEach((step) =>\n      stepTest.call(this, state, step, rowData)\n    )\n  )\n  .then(() =>\n    resolveAndRunAfterHooks.call(this, scenario.tags, state.feature.name)\n  )\n  .then(() => state.onFinishScenario(scenario));",
              "err": {},
              "uuid": "731a37cd-7142-4d66-a753-9274fc377486",
              "parentUUID": "836757f2-08ff-4885-83ac-4cade4e8a2ae",
              "isHook": false,
              "skipped": false
            },
            {
              "title": "Opening Account",
              "fullTitle": "Banking Feature Opening Account",
              "timedOut": null,
              "duration": 18,
              "state": "pending",
              "speed": null,
              "pass": false,
              "fail": false,
              "pending": false,
              "context": null,
              "code": "// register this scenario with the cucumber data collector\n// but don't run it\n// Tell mocha this is a skipped test so it also shows correctly in Cypress\nconst state = window.testState;\ncy.then(() => state.onStartScenario(scenario, indexedSteps))\n  .then(() => state.onFinishScenario(scenario))\n  // eslint-disable-next-line func-names\n  .then(function () {\n    return this.skip();\n  });",
              "err": {
                "message": "CypressError: sync skip; aborting execution",
                "estack": "[object Object]\nFrom Your Spec Code:\n    at Context.eval (http://www.way2automation.com/__cypress/tests?p=cypress\\integration\\Banking.feature:11920:10)\nFrom Your Spec Code:\n    at Context.eval (http://www.way2automation.com/__cypress/tests?p=cypress\\integration\\Banking.feature:11920:10)",
                "diff": null
              },
              "uuid": "baa12b3d-3a78-45a9-b587-2da7f9262718",
              "parentUUID": "836757f2-08ff-4885-83ac-4cade4e8a2ae",
              "isHook": false,
              "skipped": true
            }
          ],
          "suites": [],
          "passes": [
            "518da535-d523-438c-9dbc-8d3797ef457a",
            "731a37cd-7142-4d66-a753-9274fc377486"
          ],
          "failures": [],
          "pending": [],
          "skipped": [
            "baa12b3d-3a78-45a9-b587-2da7f9262718"
          ],
          "duration": 11105,
          "root": false,
          "rootEmpty": false,
          "_timeout": 2000
        }
      ],
      "passes": [],
      "failures": [],
      "pending": [],
      "skipped": [],
      "duration": 0,
      "root": true,
      "rootEmpty": true,
      "_timeout": 2000
    }
  ],
  "meta": {
    "mocha": {
      "version": "7.0.1"
    },
    "mochawesome": {
      "options": {
        "quiet": false,
        "reportFilename": "testresults",
        "saveHtml": true,
        "saveJson": true,
        "consoleReporter": "spec",
        "useInlineDiffs": false,
        "code": true
      },
      "version": "6.1.1"
    },
    "marge": {
      "options": {
        "reportDir": "cypress/reports",
        "reportFilename": "testresults",
        "overwrite": false,
        "html": true,
        "json": true,
        "charts": true
      },
      "version": "5.1.0"
    }
  }
}