{
  "stats": {
    "suites": 1,
    "tests": 2,
    "passes": 2,
    "pending": 0,
    "failures": 0,
    "start": "2020-10-07T09:24:58.597Z",
    "end": "2020-10-07T09:25:00.833Z",
    "duration": 2236,
    "testsRegistered": 2,
    "passPercent": 100,
    "pendingPercent": 0,
    "other": 0,
    "hasOther": false,
    "skipped": 0,
    "hasSkipped": false
  },
  "results": [
    {
      "uuid": "5a68ac92-458d-42e9-bf5c-c8952ea66f7d",
      "title": "",
      "fullFile": "cypress\\integration\\testcases\\BankManagerLoginTest.spec.js",
      "file": "cypress\\integration\\testcases\\BankManagerLoginTest.spec.js",
      "beforeHooks": [],
      "afterHooks": [],
      "tests": [],
      "suites": [
        {
          "uuid": "39ba2930-544a-4bd2-977d-05dff9d20c70",
          "title": "Login as Bank Manager",
          "fullFile": "",
          "file": "",
          "beforeHooks": [],
          "afterHooks": [],
          "tests": [
            {
              "title": "Validate Title of the Page",
              "fullTitle": "Login as Bank Manager Validate Title of the Page",
              "timedOut": null,
              "duration": 1821,
              "state": "passed",
              "speed": "slow",
              "pass": true,
              "fail": false,
              "pending": false,
              "context": null,
              "code": "homePage.validateTitle().should('eq', 'Protractor practice website - Banking App');",
              "err": {},
              "uuid": "4c913549-0ab9-4039-a0e1-eb4a1bb61065",
              "parentUUID": "39ba2930-544a-4bd2-977d-05dff9d20c70",
              "isHook": false,
              "skipped": false
            },
            {
              "title": "Verify login as a Bank Manager",
              "fullTitle": "Login as Bank Manager Verify login as a Bank Manager",
              "timedOut": null,
              "duration": 357,
              "state": "passed",
              "speed": "slow",
              "pass": true,
              "fail": false,
              "pending": false,
              "context": null,
              "code": "homePage.loginAsBankManager();",
              "err": {},
              "uuid": "d8689140-ac77-41a8-b27c-dde0ec6cd642",
              "parentUUID": "39ba2930-544a-4bd2-977d-05dff9d20c70",
              "isHook": false,
              "skipped": false
            }
          ],
          "suites": [],
          "passes": [
            "4c913549-0ab9-4039-a0e1-eb4a1bb61065",
            "d8689140-ac77-41a8-b27c-dde0ec6cd642"
          ],
          "failures": [],
          "pending": [],
          "skipped": [],
          "duration": 2178,
          "root": false,
          "rootEmpty": false,
          "_timeout": 2000
        }
      ],
      "passes": [],
      "failures": [],
      "pending": [],
      "skipped": [],
      "duration": 0,
      "root": true,
      "rootEmpty": true,
      "_timeout": 2000
    }
  ],
  "meta": {
    "mocha": {
      "version": "7.0.1"
    },
    "mochawesome": {
      "options": {
        "quiet": false,
        "reportFilename": "testresults",
        "saveHtml": true,
        "saveJson": true,
        "consoleReporter": "spec",
        "useInlineDiffs": false,
        "code": true
      },
      "version": "6.1.1"
    },
    "marge": {
      "options": {
        "reportDir": "cypress/reports",
        "reportFilename": "testresults",
        "overwrite": false,
        "html": true,
        "json": true,
        "charts": true
      },
      "version": "5.1.0"
    }
  }
}